{
  "split_counts": {
    "holdout": 17000,
    "test": 34000,
    "train": 238000,
    "validation": 51000
  },
  "training_profiles": 36,
  "test": {
    "projects": 34000,
    "precision": 0.9510108602023409,
    "core_item_recall": 0.9625042735042735,
    "micro_f1": 0.9567230496062256,
    "forbidden_item_rate": 0,
    "exclusive_conflict_rate": 0
  },
  "holdout": {
    "projects": 17000,
    "precision": 0.955090524335763,
    "core_item_recall": 0.9646819338422392,
    "micro_f1": 0.9598622691827298,
    "forbidden_item_rate": 0,
    "exclusive_conflict_rate": 0
  }
}